ID,STATUS
1,RESPONSE
2,NO RESPONSE
3,NO RESPONSE
4,RESPONSE
5,RESPONSE
7,RESPONSE
8,RESPONSE
10,NO RESPONSE
11,RESPONSE
12,NO RESPONSE
14,RESPONSE
15,RESPONSE
16,RESPONSE
17,RESPONSE
18,RESPONSE
19,RESPONSE
20,RESPONSE
22,RESPONSE
23,RESPONSE
24,RESPONSE
26,RESPONSE
27,RESPONSE
28,RESPONSE
29,RESPONSE
30,NO RESPONSE
31,RESPONSE
33,RESPONSE
35,RESPONSE
37,RESPONSE
38,NO RESPONSE
41,RESPONSE
43,NO RESPONSE
44,RESPONSE
45,RESPONSE
46,NO RESPONSE
47,RESPONSE
49,RESPONSE
51,RESPONSE
52,RESPONSE
53,RESPONSE
54,RESPONSE
56,NO RESPONSE
57,NO RESPONSE
58,RESPONSE
59,RESPONSE
60,RESPONSE
62,RESPONSE
64,RESPONSE
65,RESPONSE
66,RESPONSE
68,RESPONSE
69,RESPONSE
70,RESPONSE
71,NO RESPONSE
72,RESPONSE
75,RESPONSE
76,RESPONSE
77,RESPONSE
78,NO RESPONSE
79,RESPONSE
80,RESPONSE
81,NO RESPONSE
83,NO RESPONSE
85,RESPONSE
86,RESPONSE
88,RESPONSE
89,RESPONSE
92,RESPONSE
94,RESPONSE
96,NO RESPONSE
98,NO RESPONSE
99,RESPONSE
101,RESPONSE
103,RESPONSE
104,RESPONSE
105,RESPONSE
108,NO RESPONSE
114,RESPONSE
115,RESPONSE
116,NO RESPONSE
117,RESPONSE
118,RESPONSE
119,RESPONSE
120,RESPONSE
122,RESPONSE
123,NO RESPONSE
124,RESPONSE
125,NO RESPONSE
126,RESPONSE
127,RESPONSE
128,RESPONSE
129,RESPONSE
130,RESPONSE
131,NO RESPONSE
132,RESPONSE
133,NO RESPONSE
134,RESPONSE
135,RESPONSE
136,RESPONSE
137,RESPONSE
139,RESPONSE
140,RESPONSE
141,RESPONSE
142,RESPONSE
143,RESPONSE
145,RESPONSE
146,NO RESPONSE
147,RESPONSE
148,RESPONSE
150,RESPONSE
152,NO RESPONSE
153,RESPONSE
154,RESPONSE
155,RESPONSE
158,RESPONSE
160,RESPONSE
162,RESPONSE
163,RESPONSE
164,RESPONSE
167,RESPONSE
168,RESPONSE
169,NO RESPONSE
171,RESPONSE
172,RESPONSE
173,RESPONSE
174,NO RESPONSE
176,RESPONSE
178,RESPONSE
180,RESPONSE
181,NO RESPONSE
182,RESPONSE
183,RESPONSE
184,NO RESPONSE
193,RESPONSE
194,RESPONSE
196,NO RESPONSE
197,RESPONSE
200,RESPONSE
201,RESPONSE
202,RESPONSE
203,RESPONSE
205,NO RESPONSE
206,NO RESPONSE
207,NO RESPONSE
208,NO RESPONSE
209,RESPONSE
211,NO RESPONSE
212,RESPONSE
213,RESPONSE
216,RESPONSE
217,RESPONSE
218,RESPONSE
219,RESPONSE
221,RESPONSE
222,RESPONSE
223,RESPONSE
224,NO RESPONSE
225,NO RESPONSE
226,RESPONSE
229,NO RESPONSE
230,NO RESPONSE
231,RESPONSE
232,RESPONSE
234,RESPONSE
236,NO RESPONSE
237,NO RESPONSE
238,RESPONSE
239,RESPONSE
242,RESPONSE
245,RESPONSE
246,RESPONSE
247,RESPONSE
249,RESPONSE
250,RESPONSE
251,NO RESPONSE
252,NO RESPONSE
253,RESPONSE
254,NO RESPONSE
255,RESPONSE
256,NO RESPONSE
257,NO RESPONSE
258,NO RESPONSE
259,RESPONSE
261,NO RESPONSE
262,RESPONSE
263,RESPONSE
264,RESPONSE
265,NO RESPONSE
266,NO RESPONSE
268,RESPONSE
269,RESPONSE
270,RESPONSE
271,NO RESPONSE
272,RESPONSE
273,RESPONSE
274,RESPONSE
275,RESPONSE
276,RESPONSE
277,NO RESPONSE
279,RESPONSE
280,RESPONSE
282,RESPONSE
284,RESPONSE
285,RESPONSE
286,NO RESPONSE
288,RESPONSE
289,RESPONSE
290,RESPONSE
293,NO RESPONSE
294,RESPONSE
297,RESPONSE
298,RESPONSE
299,RESPONSE
300,NO RESPONSE
301,RESPONSE
302,NO RESPONSE
303,NO RESPONSE
304,NO RESPONSE
305,NO RESPONSE
308,RESPONSE
309,RESPONSE
311,RESPONSE
312,RESPONSE
313,RESPONSE
314,RESPONSE
316,RESPONSE
317,RESPONSE
318,RESPONSE
319,NO RESPONSE
320,RESPONSE
321,NO RESPONSE
322,RESPONSE
323,RESPONSE
324,RESPONSE
325,NO RESPONSE
327,RESPONSE
329,NO RESPONSE
332,RESPONSE
333,RESPONSE
334,NO RESPONSE
338,RESPONSE
340,NO RESPONSE
341,RESPONSE
344,NO RESPONSE
345,RESPONSE
347,RESPONSE
348,RESPONSE
349,RESPONSE
350,RESPONSE
351,RESPONSE
352,RESPONSE
353,RESPONSE
354,RESPONSE
356,RESPONSE
357,RESPONSE
360,NO RESPONSE
362,RESPONSE
363,NO RESPONSE
364,RESPONSE
365,RESPONSE
369,RESPONSE
370,RESPONSE
375,RESPONSE
376,RESPONSE
377,RESPONSE
380,RESPONSE
381,RESPONSE
382,NO RESPONSE
385,RESPONSE
386,RESPONSE
387,RESPONSE
388,RESPONSE
392,RESPONSE
393,RESPONSE
397,RESPONSE
398,RESPONSE
399,RESPONSE
400,NO RESPONSE
401,NO RESPONSE
402,NO RESPONSE
405,NO RESPONSE
406,RESPONSE
407,RESPONSE
408,RESPONSE
410,NO RESPONSE
411,RESPONSE
412,RESPONSE
413,RESPONSE
414,NO RESPONSE
415,RESPONSE
417,NO RESPONSE
419,RESPONSE
420,NO RESPONSE
421,RESPONSE
422,NO RESPONSE
426,RESPONSE
427,RESPONSE
428,NO RESPONSE
429,RESPONSE
432,RESPONSE
434,RESPONSE
436,NO RESPONSE
437,RESPONSE
438,RESPONSE
439,NO RESPONSE
440,NO RESPONSE
442,RESPONSE
443,NO RESPONSE
444,RESPONSE
446,RESPONSE
449,RESPONSE
450,NO RESPONSE
451,RESPONSE
452,NO RESPONSE
453,RESPONSE
454,RESPONSE
455,NO RESPONSE
456,RESPONSE
457,RESPONSE
458,RESPONSE
459,RESPONSE
460,RESPONSE
461,NO RESPONSE
462,RESPONSE
464,RESPONSE
465,RESPONSE
467,NO RESPONSE
468,NO RESPONSE
472,RESPONSE
476,RESPONSE
477,RESPONSE
478,NO RESPONSE
484,RESPONSE
485,NO RESPONSE
489,RESPONSE
490,NO RESPONSE
491,RESPONSE
494,NO RESPONSE
497,RESPONSE
498,NO RESPONSE
499,RESPONSE
500,RESPONSE
502,RESPONSE
503,RESPONSE
504,RESPONSE
506,NO RESPONSE
507,RESPONSE
508,RESPONSE
510,NO RESPONSE
513,RESPONSE
515,RESPONSE
516,NO RESPONSE
517,NO RESPONSE
520,RESPONSE
521,NO RESPONSE
523,NO RESPONSE
524,NO RESPONSE
528,NO RESPONSE
533,RESPONSE
534,RESPONSE
535,RESPONSE
537,NO RESPONSE
538,NO RESPONSE
540,RESPONSE
543,RESPONSE
544,RESPONSE
546,RESPONSE
547,RESPONSE
548,RESPONSE
551,RESPONSE
553,RESPONSE
554,RESPONSE
555,NO RESPONSE
557,RESPONSE
558,NO RESPONSE
559,NO RESPONSE
560,RESPONSE
561,RESPONSE
562,RESPONSE
563,RESPONSE
564,NO RESPONSE
565,RESPONSE
566,RESPONSE
569,RESPONSE
570,NO RESPONSE
571,RESPONSE
572,RESPONSE
574,RESPONSE
575,NO RESPONSE
576,RESPONSE
577,NO RESPONSE
578,NO RESPONSE
579,RESPONSE
582,RESPONSE
583,RESPONSE
584,RESPONSE
586,NO RESPONSE
591,RESPONSE
592,NO RESPONSE
593,RESPONSE
594,NO RESPONSE
595,NO RESPONSE
596,RESPONSE
597,NO RESPONSE
601,NO RESPONSE
602,RESPONSE
603,RESPONSE
604,NO RESPONSE
605,NO RESPONSE
608,RESPONSE
612,NO RESPONSE
613,RESPONSE
615,NO RESPONSE
618,NO RESPONSE
619,RESPONSE
621,RESPONSE
624,RESPONSE
625,RESPONSE
626,RESPONSE
627,RESPONSE
628,RESPONSE
629,RESPONSE
630,RESPONSE
631,RESPONSE
632,NO RESPONSE
635,RESPONSE
636,NO RESPONSE
640,RESPONSE
641,RESPONSE
643,RESPONSE
644,RESPONSE
645,RESPONSE
646,RESPONSE
647,RESPONSE
649,NO RESPONSE
651,RESPONSE
652,RESPONSE
653,RESPONSE
654,RESPONSE
655,NO RESPONSE
656,NO RESPONSE
658,RESPONSE
660,RESPONSE
661,RESPONSE
663,NO RESPONSE
664,NO RESPONSE
665,RESPONSE
666,RESPONSE
668,NO RESPONSE
670,NO RESPONSE
673,RESPONSE
674,NO RESPONSE
675,RESPONSE
676,RESPONSE
677,RESPONSE
679,RESPONSE
680,NO RESPONSE
682,NO RESPONSE
683,RESPONSE
684,RESPONSE
685,NO RESPONSE
686,RESPONSE
687,RESPONSE
688,RESPONSE
689,RESPONSE
691,RESPONSE
692,NO RESPONSE
694,NO RESPONSE
695,RESPONSE
696,RESPONSE
698,NO RESPONSE
699,RESPONSE
700,RESPONSE
701,RESPONSE
702,RESPONSE
704,RESPONSE
705,RESPONSE
707,RESPONSE
710,NO RESPONSE
711,NO RESPONSE
712,RESPONSE
713,RESPONSE
714,NO RESPONSE
715,NO RESPONSE
716,RESPONSE
717,RESPONSE
718,RESPONSE
719,NO RESPONSE
720,RESPONSE
722,RESPONSE
724,RESPONSE
725,RESPONSE
726,RESPONSE
727,NO RESPONSE
728,RESPONSE
729,NO RESPONSE
730,RESPONSE
731,NO RESPONSE
732,RESPONSE
733,RESPONSE
734,NO RESPONSE
735,NO RESPONSE
736,RESPONSE
737,RESPONSE
738,RESPONSE
739,RESPONSE
740,RESPONSE
741,NO RESPONSE
742,RESPONSE
744,RESPONSE
745,RESPONSE
746,RESPONSE
747,RESPONSE
748,RESPONSE
750,NO RESPONSE
751,RESPONSE
752,NO RESPONSE
753,RESPONSE
756,RESPONSE
757,RESPONSE
758,RESPONSE
759,RESPONSE
760,NO RESPONSE
761,RESPONSE
763,RESPONSE
764,RESPONSE
765,RESPONSE
766,RESPONSE
768,RESPONSE
769,NO RESPONSE
771,RESPONSE
772,RESPONSE
774,RESPONSE
775,NO RESPONSE
777,RESPONSE
778,RESPONSE
779,RESPONSE
781,RESPONSE
784,NO RESPONSE
785,RESPONSE
786,NO RESPONSE
787,RESPONSE
788,NO RESPONSE
789,RESPONSE
790,RESPONSE
792,NO RESPONSE
793,RESPONSE
794,NO RESPONSE
795,NO RESPONSE
796,RESPONSE
797,RESPONSE
798,NO RESPONSE
799,NO RESPONSE
801,NO RESPONSE
802,NO RESPONSE
803,RESPONSE
804,NO RESPONSE
805,NO RESPONSE
806,RESPONSE
808,RESPONSE
809,RESPONSE
810,NO RESPONSE
811,RESPONSE
812,RESPONSE
813,RESPONSE
814,NO RESPONSE
816,RESPONSE
818,RESPONSE
820,RESPONSE
821,NO RESPONSE
824,NO RESPONSE
825,NO RESPONSE
826,RESPONSE
827,NO RESPONSE
829,RESPONSE
831,RESPONSE
832,RESPONSE
833,RESPONSE
834,NO RESPONSE
836,RESPONSE
837,RESPONSE
838,RESPONSE
839,NO RESPONSE
840,RESPONSE
841,RESPONSE
843,NO RESPONSE
848,NO RESPONSE
851,RESPONSE
852,RESPONSE
853,RESPONSE
855,NO RESPONSE
856,RESPONSE
860,NO RESPONSE
865,RESPONSE
866,RESPONSE
868,NO RESPONSE
869,RESPONSE
871,RESPONSE
872,NO RESPONSE
873,NO RESPONSE
875,RESPONSE
877,RESPONSE
879,RESPONSE
881,NO RESPONSE
883,NO RESPONSE
885,NO RESPONSE
886,RESPONSE
887,NO RESPONSE
888,NO RESPONSE
889,NO RESPONSE
890,RESPONSE
892,NO RESPONSE
894,RESPONSE
895,RESPONSE
896,NO RESPONSE
898,NO RESPONSE
899,RESPONSE
901,RESPONSE
904,RESPONSE
905,NO RESPONSE
906,RESPONSE
907,RESPONSE
908,RESPONSE
909,NO RESPONSE
910,NO RESPONSE
913,NO RESPONSE
914,NO RESPONSE
917,RESPONSE
918,RESPONSE
921,NO RESPONSE
923,RESPONSE
925,RESPONSE
926,NO RESPONSE
927,RESPONSE
928,RESPONSE
931,RESPONSE
933,RESPONSE
934,RESPONSE
935,RESPONSE
936,RESPONSE
937,NO RESPONSE
938,RESPONSE
939,RESPONSE
940,RESPONSE
941,RESPONSE
943,RESPONSE
944,RESPONSE
946,RESPONSE
947,NO RESPONSE
948,RESPONSE
949,RESPONSE
951,RESPONSE
952,RESPONSE
955,RESPONSE
957,RESPONSE
958,RESPONSE
959,NO RESPONSE
960,RESPONSE
961,RESPONSE
962,RESPONSE
963,RESPONSE
964,RESPONSE
965,RESPONSE
967,NO RESPONSE
968,RESPONSE
969,RESPONSE
970,NO RESPONSE
971,RESPONSE
972,RESPONSE
973,RESPONSE
975,RESPONSE
979,RESPONSE
981,NO RESPONSE
984,RESPONSE
986,NO RESPONSE
987,RESPONSE
989,NO RESPONSE
990,RESPONSE
991,NO RESPONSE
992,RESPONSE
993,RESPONSE
994,RESPONSE
995,RESPONSE
996,RESPONSE
1001,RESPONSE
1002,RESPONSE
1003,RESPONSE
1004,NO RESPONSE
1005,NO RESPONSE
1006,NO RESPONSE
1007,RESPONSE
1011,NO RESPONSE
1015,RESPONSE
1016,RESPONSE
1018,RESPONSE
1019,RESPONSE
1020,RESPONSE
1021,NO RESPONSE
1023,RESPONSE
1024,RESPONSE
1025,RESPONSE
1026,RESPONSE
1027,NO RESPONSE
1028,RESPONSE
1029,RESPONSE
1031,NO RESPONSE
1032,RESPONSE
1033,RESPONSE
1034,RESPONSE
1035,NO RESPONSE
1036,RESPONSE
1038,NO RESPONSE
1039,RESPONSE
1040,RESPONSE
1041,NO RESPONSE
1044,RESPONSE
1045,RESPONSE
1048,NO RESPONSE
1049,RESPONSE
1052,RESPONSE
1055,RESPONSE
1056,RESPONSE
1059,RESPONSE
1060,RESPONSE
1061,RESPONSE
1063,RESPONSE
1064,RESPONSE
1065,NO RESPONSE
1066,NO RESPONSE
1067,RESPONSE
1068,NO RESPONSE
1070,NO RESPONSE
1071,NO RESPONSE
1072,NO RESPONSE
1073,RESPONSE
1074,RESPONSE
1075,NO RESPONSE
1076,NO RESPONSE
1078,RESPONSE
1083,RESPONSE
1085,RESPONSE
1086,RESPONSE
1087,RESPONSE
1090,RESPONSE
1092,NO RESPONSE
1093,NO RESPONSE
1096,NO RESPONSE
1097,RESPONSE
1099,RESPONSE
1100,NO RESPONSE
1101,RESPONSE
1105,RESPONSE
1106,RESPONSE
1108,NO RESPONSE
1109,RESPONSE
1110,RESPONSE
1113,RESPONSE
1115,RESPONSE
1117,RESPONSE
1118,RESPONSE
1120,NO RESPONSE
1121,RESPONSE
1122,RESPONSE
1123,RESPONSE
1124,NO RESPONSE
1126,RESPONSE
1128,RESPONSE
1130,NO RESPONSE
1131,RESPONSE
1132,RESPONSE
1133,RESPONSE
1135,RESPONSE
1136,NO RESPONSE
1137,RESPONSE
1140,NO RESPONSE
1141,RESPONSE
1142,RESPONSE
1144,NO RESPONSE
1145,RESPONSE
1147,RESPONSE
1148,NO RESPONSE
1149,RESPONSE
1150,NO RESPONSE
1151,NO RESPONSE
1152,RESPONSE
1153,RESPONSE
1154,RESPONSE
1155,RESPONSE
1156,NO RESPONSE
1157,RESPONSE
1158,NO RESPONSE
1163,NO RESPONSE
1167,RESPONSE
1169,RESPONSE
1170,RESPONSE
1171,RESPONSE
1174,RESPONSE
1176,NO RESPONSE
1179,RESPONSE
1180,RESPONSE
1181,NO RESPONSE
1183,NO RESPONSE
1185,NO RESPONSE
1186,NO RESPONSE
1187,NO RESPONSE
1188,RESPONSE
1190,RESPONSE
1191,NO RESPONSE
1193,RESPONSE
1194,RESPONSE
1195,RESPONSE
1196,NO RESPONSE
1197,NO RESPONSE
1199,RESPONSE
1200,RESPONSE
1201,RESPONSE
1202,NO RESPONSE
1204,RESPONSE
1206,RESPONSE
1207,NO RESPONSE
1208,NO RESPONSE
1212,RESPONSE
1214,NO RESPONSE
1215,RESPONSE
1216,NO RESPONSE
1217,RESPONSE
1218,RESPONSE
1222,RESPONSE
1223,RESPONSE
1224,RESPONSE
1225,NO RESPONSE
1227,NO RESPONSE
1229,NO RESPONSE
1231,NO RESPONSE
1233,RESPONSE
1235,NO RESPONSE
1237,RESPONSE
1238,NO RESPONSE
1239,RESPONSE
1241,RESPONSE
1242,RESPONSE
1245,NO RESPONSE
1246,RESPONSE
1247,NO RESPONSE
1248,RESPONSE
1250,RESPONSE
1251,RESPONSE
1253,RESPONSE
1254,RESPONSE
1260,RESPONSE
1262,RESPONSE
1267,RESPONSE
1270,RESPONSE
1271,RESPONSE
1272,RESPONSE
1273,RESPONSE
1274,NO RESPONSE
1275,RESPONSE
1276,RESPONSE
1277,RESPONSE
1278,NO RESPONSE
1279,NO RESPONSE
1280,NO RESPONSE
1281,RESPONSE
1282,RESPONSE
1283,RESPONSE
1284,RESPONSE
1285,RESPONSE
1286,RESPONSE
1287,RESPONSE
1289,RESPONSE
1291,NO RESPONSE
1292,NO RESPONSE
1293,RESPONSE
1294,RESPONSE
1295,RESPONSE
1296,RESPONSE
1298,RESPONSE
1299,RESPONSE
1300,NO RESPONSE
1301,RESPONSE
1302,RESPONSE
1303,NO RESPONSE
1307,RESPONSE
1310,RESPONSE
1312,RESPONSE
1314,RESPONSE
1315,RESPONSE
1316,NO RESPONSE
1317,NO RESPONSE
1320,RESPONSE
1321,NO RESPONSE
1326,RESPONSE
1327,NO RESPONSE
1328,NO RESPONSE
1331,RESPONSE
1334,NO RESPONSE
1336,RESPONSE
1337,NO RESPONSE
1338,RESPONSE
1345,NO RESPONSE
1346,RESPONSE
1348,NO RESPONSE
1350,RESPONSE
1351,NO RESPONSE
1354,NO RESPONSE
1356,NO RESPONSE
1357,RESPONSE
1359,NO RESPONSE
1360,RESPONSE
1362,NO RESPONSE
1364,NO RESPONSE
1366,NO RESPONSE
1367,RESPONSE
1368,RESPONSE
1369,RESPONSE
1370,RESPONSE
1371,RESPONSE
1373,RESPONSE
1374,RESPONSE
1377,RESPONSE
1379,RESPONSE
1381,NO RESPONSE
1385,RESPONSE
1387,NO RESPONSE
1388,RESPONSE
1390,RESPONSE
1391,NO RESPONSE
1392,RESPONSE
1393,NO RESPONSE
1394,NO RESPONSE
1396,NO RESPONSE
1397,RESPONSE
1398,RESPONSE
1399,RESPONSE
1400,RESPONSE
1401,RESPONSE
1402,RESPONSE
1403,RESPONSE
1405,RESPONSE
1408,RESPONSE
1409,RESPONSE
1410,RESPONSE
1412,RESPONSE
1413,NO RESPONSE
1414,RESPONSE
1416,NO RESPONSE
1417,NO RESPONSE
1418,NO RESPONSE
1419,NO RESPONSE
1420,RESPONSE
1424,RESPONSE
1425,NO RESPONSE
1426,RESPONSE
1431,RESPONSE
1433,NO RESPONSE
1435,RESPONSE
1436,RESPONSE
1439,RESPONSE
1442,RESPONSE
1444,RESPONSE
1447,NO RESPONSE
1448,RESPONSE
1453,NO RESPONSE
1454,RESPONSE
1455,RESPONSE
1457,RESPONSE
1458,RESPONSE
1460,RESPONSE
1462,RESPONSE
1463,RESPONSE
1464,RESPONSE
1466,RESPONSE
1470,RESPONSE
1471,NO RESPONSE
1472,RESPONSE
1473,RESPONSE
1474,RESPONSE
1475,RESPONSE
1476,NO RESPONSE
1477,RESPONSE
1479,NO RESPONSE
1480,RESPONSE
1481,NO RESPONSE
1484,RESPONSE
1487,RESPONSE
1489,RESPONSE
1490,RESPONSE
1495,RESPONSE
1496,RESPONSE
1497,RESPONSE
1499,RESPONSE
1500,RESPONSE
1502,RESPONSE
1503,RESPONSE
1505,RESPONSE
1506,RESPONSE
1508,NO RESPONSE
1509,NO RESPONSE
1513,NO RESPONSE
1517,NO RESPONSE
1518,RESPONSE
1519,RESPONSE
1520,NO RESPONSE
1522,NO RESPONSE
1523,RESPONSE
1524,NO RESPONSE
1525,RESPONSE
1527,RESPONSE
1529,RESPONSE
1530,RESPONSE
1533,RESPONSE
1535,RESPONSE
1536,RESPONSE
1537,RESPONSE
1539,NO RESPONSE
1540,RESPONSE
1543,RESPONSE
1544,NO RESPONSE
1545,RESPONSE
1546,NO RESPONSE
1547,RESPONSE
1548,RESPONSE
1549,RESPONSE
1550,RESPONSE
1553,NO RESPONSE
1554,NO RESPONSE
1555,RESPONSE
1557,RESPONSE
1561,NO RESPONSE
1562,RESPONSE
1563,RESPONSE
1564,RESPONSE
1567,RESPONSE
1569,RESPONSE
1570,RESPONSE
1574,RESPONSE
1575,NO RESPONSE
1576,RESPONSE
1578,RESPONSE
1579,RESPONSE
1582,RESPONSE
1585,NO RESPONSE
1586,RESPONSE
1588,NO RESPONSE
1590,RESPONSE
1591,RESPONSE
1593,NO RESPONSE
1596,NO RESPONSE
1597,RESPONSE
1598,NO RESPONSE
1599,RESPONSE
1605,RESPONSE
1607,RESPONSE
1608,NO RESPONSE
1610,NO RESPONSE
1611,NO RESPONSE
1614,RESPONSE
1615,RESPONSE
1616,RESPONSE
1619,RESPONSE
1620,NO RESPONSE
1621,RESPONSE
1622,NO RESPONSE
1623,RESPONSE
1625,RESPONSE
1627,NO RESPONSE
1628,NO RESPONSE
1634,RESPONSE
1635,NO RESPONSE
1638,RESPONSE
1639,NO RESPONSE
1640,RESPONSE
1641,NO RESPONSE
1644,RESPONSE
1647,RESPONSE
1648,RESPONSE
1650,RESPONSE
1652,RESPONSE
1653,RESPONSE
1655,RESPONSE
1656,RESPONSE
1658,RESPONSE
1660,RESPONSE
1662,RESPONSE
1663,RESPONSE
1664,NO RESPONSE
1666,RESPONSE
1667,NO RESPONSE
1668,NO RESPONSE
1669,RESPONSE
1670,RESPONSE
1671,RESPONSE
1673,RESPONSE
1674,RESPONSE
1675,NO RESPONSE
1677,NO RESPONSE
1679,RESPONSE
1681,RESPONSE
1682,RESPONSE
1683,RESPONSE
1685,RESPONSE
1686,RESPONSE
1687,RESPONSE
1688,RESPONSE
1690,NO RESPONSE
1691,NO RESPONSE
1692,NO RESPONSE
1694,RESPONSE
1695,RESPONSE
1696,RESPONSE
1697,RESPONSE
1698,RESPONSE
1699,NO RESPONSE
1700,NO RESPONSE
1702,RESPONSE
1703,RESPONSE
1704,RESPONSE
1705,NO RESPONSE
1706,RESPONSE
1707,RESPONSE
1708,RESPONSE
1709,NO RESPONSE
1713,RESPONSE
1715,RESPONSE
1717,NO RESPONSE
1718,RESPONSE
1720,RESPONSE
1724,RESPONSE
1726,NO RESPONSE
1728,RESPONSE
1730,RESPONSE
1731,RESPONSE
1732,NO RESPONSE
1733,NO RESPONSE
1734,RESPONSE
1736,RESPONSE
1737,RESPONSE
1738,RESPONSE
1741,RESPONSE
1744,RESPONSE
1745,NO RESPONSE
1747,NO RESPONSE
1748,RESPONSE
1749,NO RESPONSE
1753,RESPONSE
1754,RESPONSE
1755,NO RESPONSE
1756,RESPONSE
1757,RESPONSE
1758,NO RESPONSE
1759,RESPONSE
1765,RESPONSE
1767,RESPONSE
1769,RESPONSE
1770,NO RESPONSE
1771,RESPONSE
1772,NO RESPONSE
1773,NO RESPONSE
1775,RESPONSE
1776,RESPONSE
1777,RESPONSE
1778,RESPONSE
1779,RESPONSE
1781,RESPONSE
1782,RESPONSE
1783,NO RESPONSE
1784,RESPONSE
1785,RESPONSE
1786,RESPONSE
1787,RESPONSE
1789,RESPONSE
1792,RESPONSE
1793,RESPONSE
1795,RESPONSE
1797,RESPONSE
1798,RESPONSE
1801,NO RESPONSE
1802,NO RESPONSE
1803,RESPONSE
1805,RESPONSE
1812,RESPONSE
1813,RESPONSE
1814,RESPONSE
1815,NO RESPONSE
1816,RESPONSE
1817,NO RESPONSE
1818,NO RESPONSE
1819,NO RESPONSE
1821,NO RESPONSE
1822,RESPONSE
1823,NO RESPONSE
1825,RESPONSE
1827,RESPONSE
1829,NO RESPONSE
1831,RESPONSE
1832,RESPONSE
1833,NO RESPONSE
1834,RESPONSE
1837,NO RESPONSE
1838,NO RESPONSE
1841,NO RESPONSE
1844,NO RESPONSE
1845,NO RESPONSE
1850,NO RESPONSE
1851,RESPONSE
1852,RESPONSE
1853,NO RESPONSE
1854,NO RESPONSE
1855,RESPONSE
1860,NO RESPONSE
1861,RESPONSE
1862,RESPONSE
1863,NO RESPONSE
1865,RESPONSE
1867,RESPONSE
1868,RESPONSE
1869,RESPONSE
1871,RESPONSE
1875,RESPONSE
1878,NO RESPONSE
1879,NO RESPONSE
1881,RESPONSE
1882,NO RESPONSE
1885,RESPONSE
1888,RESPONSE
1889,RESPONSE
1890,RESPONSE
1892,RESPONSE
1893,RESPONSE
1895,RESPONSE
1896,RESPONSE
1897,RESPONSE
1898,NO RESPONSE
1901,NO RESPONSE
1902,NO RESPONSE
1903,NO RESPONSE
1904,NO RESPONSE
1909,NO RESPONSE
1910,RESPONSE
1912,RESPONSE
1913,NO RESPONSE
1914,RESPONSE
1915,RESPONSE
1916,NO RESPONSE
1919,NO RESPONSE
1920,RESPONSE
1921,NO RESPONSE
1923,NO RESPONSE
1924,NO RESPONSE
1925,RESPONSE
1926,NO RESPONSE
1927,NO RESPONSE
1928,NO RESPONSE
1929,NO RESPONSE
1931,NO RESPONSE
1932,NO RESPONSE
1933,RESPONSE
1934,NO RESPONSE
1935,RESPONSE
1936,NO RESPONSE
1937,RESPONSE
1939,NO RESPONSE
1940,RESPONSE
1941,RESPONSE
1943,RESPONSE
1944,NO RESPONSE
1946,RESPONSE
1948,RESPONSE
1949,RESPONSE
1951,RESPONSE
1954,RESPONSE
1955,RESPONSE
1956,RESPONSE
1957,RESPONSE
1959,RESPONSE
1961,RESPONSE
1962,RESPONSE
1964,NO RESPONSE
1965,RESPONSE
1966,RESPONSE
1970,RESPONSE
1971,RESPONSE
1973,NO RESPONSE
1974,RESPONSE
1976,RESPONSE
1977,RESPONSE
1980,RESPONSE
1982,RESPONSE
1983,NO RESPONSE
1984,RESPONSE
1985,RESPONSE
1986,NO RESPONSE
1987,NO RESPONSE
1988,RESPONSE
1989,RESPONSE
1990,RESPONSE
1991,NO RESPONSE
1992,RESPONSE
1993,NO RESPONSE
1994,RESPONSE
1995,RESPONSE
1996,NO RESPONSE
1998,RESPONSE
1999,RESPONSE
2001,RESPONSE
2002,RESPONSE
2003,RESPONSE
2006,RESPONSE
2008,RESPONSE
2009,RESPONSE
2011,NO RESPONSE
2012,RESPONSE
2013,RESPONSE
2014,NO RESPONSE
2015,RESPONSE
2016,RESPONSE
2018,RESPONSE
2019,NO RESPONSE
2021,RESPONSE
2022,NO RESPONSE
2023,RESPONSE
2024,RESPONSE
2025,NO RESPONSE
2027,RESPONSE
2028,RESPONSE
2029,RESPONSE
2032,NO RESPONSE
2033,NO RESPONSE
2034,NO RESPONSE
2035,RESPONSE
2037,RESPONSE
2039,NO RESPONSE
2040,RESPONSE
2042,RESPONSE
2043,RESPONSE
2047,NO RESPONSE
2051,RESPONSE
2052,RESPONSE
2053,NO RESPONSE
2057,RESPONSE
2059,RESPONSE
2061,RESPONSE
2062,NO RESPONSE
2063,RESPONSE
2064,RESPONSE
2065,NO RESPONSE
2066,RESPONSE
2070,RESPONSE
2072,NO RESPONSE
2073,RESPONSE
2074,NO RESPONSE
2075,RESPONSE
2078,RESPONSE
2080,RESPONSE
2082,RESPONSE
2083,RESPONSE
2084,NO RESPONSE
2085,RESPONSE
2087,NO RESPONSE
2088,RESPONSE
2089,NO RESPONSE
2090,RESPONSE
2092,NO RESPONSE
2093,RESPONSE
2094,RESPONSE
2096,RESPONSE
2097,RESPONSE
2098,RESPONSE
2099,RESPONSE
2101,RESPONSE
2106,NO RESPONSE
2108,RESPONSE
2109,RESPONSE
2110,RESPONSE
2112,RESPONSE
2114,RESPONSE
2115,RESPONSE
2116,NO RESPONSE
2118,NO RESPONSE
2120,RESPONSE
2121,RESPONSE
2122,RESPONSE
2125,NO RESPONSE
2126,RESPONSE
2127,RESPONSE
2128,NO RESPONSE
2131,RESPONSE
2132,RESPONSE
2135,RESPONSE
2137,RESPONSE
2138,RESPONSE
2139,NO RESPONSE
2141,RESPONSE
2142,NO RESPONSE
2143,RESPONSE
2144,NO RESPONSE
2145,NO RESPONSE
2146,RESPONSE
2148,NO RESPONSE
2150,NO RESPONSE
2152,RESPONSE
2153,NO RESPONSE
2156,RESPONSE
2157,RESPONSE
2158,RESPONSE
2159,NO RESPONSE
2160,RESPONSE
2162,RESPONSE
2163,RESPONSE
2164,RESPONSE
2168,RESPONSE
2170,RESPONSE
2171,RESPONSE
2172,RESPONSE
2174,RESPONSE
2175,RESPONSE
2177,NO RESPONSE
2178,RESPONSE
2179,RESPONSE
2181,NO RESPONSE
2182,RESPONSE
2185,RESPONSE
2187,NO RESPONSE
2188,RESPONSE
2189,RESPONSE
2191,RESPONSE
2192,NO RESPONSE
2195,RESPONSE
2196,RESPONSE
2197,RESPONSE
2199,RESPONSE
2201,NO RESPONSE
2203,RESPONSE
2204,NO RESPONSE
2205,RESPONSE
2207,NO RESPONSE
2209,RESPONSE
2211,RESPONSE
2213,NO RESPONSE
2214,NO RESPONSE
2215,NO RESPONSE
2216,RESPONSE
2217,RESPONSE
2218,NO RESPONSE
2219,NO RESPONSE
2220,RESPONSE
2223,NO RESPONSE
2224,NO RESPONSE
2226,RESPONSE
2227,NO RESPONSE
2228,RESPONSE
2229,NO RESPONSE
2230,RESPONSE
2231,NO RESPONSE
2232,RESPONSE
2233,RESPONSE
2234,RESPONSE
2235,RESPONSE
2236,RESPONSE
2237,RESPONSE
2239,RESPONSE
2240,RESPONSE
2241,RESPONSE
2243,RESPONSE
2246,RESPONSE
2249,RESPONSE
2250,RESPONSE
2253,RESPONSE
2254,NO RESPONSE
2255,RESPONSE
2256,RESPONSE
2257,NO RESPONSE
2258,RESPONSE
2261,RESPONSE
2264,RESPONSE
2266,RESPONSE
2268,NO RESPONSE
2269,NO RESPONSE
2270,RESPONSE
2271,RESPONSE
2272,RESPONSE
2273,RESPONSE
2274,RESPONSE
2278,NO RESPONSE
2279,RESPONSE
2280,RESPONSE
2283,RESPONSE
2284,RESPONSE
2286,RESPONSE
2287,RESPONSE
2288,RESPONSE
2290,NO RESPONSE
2291,NO RESPONSE
2292,RESPONSE
2294,RESPONSE
2295,NO RESPONSE
2296,RESPONSE
2297,NO RESPONSE
2298,NO RESPONSE
2299,RESPONSE
2300,NO RESPONSE
2301,RESPONSE
2303,RESPONSE
2305,RESPONSE
2306,RESPONSE
2308,RESPONSE
2309,RESPONSE
2311,RESPONSE
2313,RESPONSE
2314,NO RESPONSE
2315,NO RESPONSE
2316,RESPONSE
2318,RESPONSE
2319,RESPONSE
2320,NO RESPONSE
2327,RESPONSE
2329,RESPONSE
2330,RESPONSE
2331,RESPONSE
2332,RESPONSE
2333,NO RESPONSE
2334,NO RESPONSE
2336,RESPONSE
2338,RESPONSE
2339,RESPONSE
2341,RESPONSE
2343,RESPONSE
2345,NO RESPONSE
2346,RESPONSE
2350,RESPONSE
2351,RESPONSE
2352,RESPONSE
2353,RESPONSE
2355,RESPONSE
2358,RESPONSE
2359,RESPONSE
2360,RESPONSE
2362,RESPONSE
2364,RESPONSE
2365,RESPONSE
2366,RESPONSE
2367,RESPONSE
2370,RESPONSE
2371,NO RESPONSE
2372,NO RESPONSE
2373,RESPONSE
2375,RESPONSE
2376,RESPONSE
2377,NO RESPONSE
2381,RESPONSE
2383,RESPONSE
2384,RESPONSE
2386,NO RESPONSE
2387,NO RESPONSE
2388,RESPONSE
2390,RESPONSE
2391,RESPONSE
2392,RESPONSE
2395,RESPONSE
2396,RESPONSE
2398,RESPONSE
2399,RESPONSE
2401,NO RESPONSE
2402,RESPONSE
2404,NO RESPONSE
2405,RESPONSE
2406,NO RESPONSE
2407,RESPONSE
2408,RESPONSE
2409,NO RESPONSE
2412,RESPONSE
2413,NO RESPONSE
2418,RESPONSE
2420,RESPONSE
2421,NO RESPONSE
2423,RESPONSE
2425,NO RESPONSE
2426,NO RESPONSE
2427,RESPONSE
2428,RESPONSE
2430,RESPONSE
2431,RESPONSE
2432,RESPONSE
2433,NO RESPONSE
2435,RESPONSE
2436,NO RESPONSE
2437,RESPONSE
2439,RESPONSE
2440,NO RESPONSE
2441,NO RESPONSE
2443,RESPONSE
2444,RESPONSE
2445,RESPONSE
2447,NO RESPONSE
2448,NO RESPONSE
2450,RESPONSE
2452,NO RESPONSE
2457,RESPONSE
2460,RESPONSE
2461,RESPONSE
2463,RESPONSE
2464,RESPONSE
2466,RESPONSE
2467,NO RESPONSE
2472,RESPONSE
2476,RESPONSE
2477,NO RESPONSE
2478,NO RESPONSE
2480,NO RESPONSE
2481,NO RESPONSE
2482,RESPONSE
2485,RESPONSE
2486,NO RESPONSE
2488,NO RESPONSE
2489,RESPONSE
2491,RESPONSE
2493,RESPONSE
2495,RESPONSE
2496,RESPONSE
2497,RESPONSE
2498,NO RESPONSE
2500,RESPONSE
2501,NO RESPONSE
2502,RESPONSE
2503,RESPONSE
2504,RESPONSE
2505,NO RESPONSE
2506,RESPONSE
2507,RESPONSE
2508,NO RESPONSE
2509,RESPONSE
2510,RESPONSE
2512,RESPONSE
2513,RESPONSE
2514,RESPONSE
2515,RESPONSE
2516,NO RESPONSE
2517,NO RESPONSE
2519,RESPONSE
2521,RESPONSE
2522,NO RESPONSE
2523,RESPONSE
2526,NO RESPONSE
2527,NO RESPONSE
2528,RESPONSE
2530,NO RESPONSE
2531,RESPONSE
2532,RESPONSE
2533,NO RESPONSE
2534,RESPONSE
2537,RESPONSE
2539,RESPONSE
2541,NO RESPONSE
2542,RESPONSE
2543,NO RESPONSE
2545,NO RESPONSE
2546,RESPONSE
2547,RESPONSE
2548,RESPONSE
2549,NO RESPONSE
2550,RESPONSE
2553,RESPONSE
2554,RESPONSE
2555,NO RESPONSE
2556,NO RESPONSE
2557,RESPONSE
2559,RESPONSE
2562,RESPONSE
2563,RESPONSE
2564,RESPONSE
2565,RESPONSE
2566,NO RESPONSE
2570,NO RESPONSE
2571,RESPONSE
2573,RESPONSE
2574,RESPONSE
2575,NO RESPONSE
2576,RESPONSE
2577,RESPONSE
2578,RESPONSE
2579,RESPONSE
2580,RESPONSE
2582,RESPONSE
2584,RESPONSE
2585,NO RESPONSE
2587,RESPONSE
2589,RESPONSE
2590,NO RESPONSE
2593,RESPONSE
2596,NO RESPONSE
2600,NO RESPONSE
2601,RESPONSE
2602,RESPONSE
2604,RESPONSE
2609,RESPONSE
2610,RESPONSE
2611,NO RESPONSE
2612,NO RESPONSE
2613,RESPONSE
2617,RESPONSE
2618,NO RESPONSE
2619,RESPONSE
2620,RESPONSE
2621,RESPONSE
2622,RESPONSE
2623,NO RESPONSE
2624,RESPONSE
2630,NO RESPONSE
2631,RESPONSE
2632,RESPONSE
2635,RESPONSE
2637,NO RESPONSE
2638,NO RESPONSE
2639,RESPONSE
2640,RESPONSE
2641,RESPONSE
2643,RESPONSE
2645,RESPONSE
2646,NO RESPONSE
2648,RESPONSE
2649,RESPONSE
2652,RESPONSE
2653,NO RESPONSE
2654,NO RESPONSE
2655,RESPONSE
2657,RESPONSE
2658,RESPONSE
2659,RESPONSE
2660,RESPONSE
2661,RESPONSE
2662,RESPONSE
2663,RESPONSE
2664,RESPONSE
2665,NO RESPONSE
2666,RESPONSE
2667,RESPONSE
2669,RESPONSE
2670,RESPONSE
2671,NO RESPONSE
2672,RESPONSE
2673,RESPONSE
2674,RESPONSE
2676,RESPONSE
2677,RESPONSE
2678,RESPONSE
2679,RESPONSE
2680,NO RESPONSE
2685,RESPONSE
2688,NO RESPONSE
2689,NO RESPONSE
2693,RESPONSE
2694,NO RESPONSE
2697,NO RESPONSE
2698,NO RESPONSE
2700,RESPONSE
2701,RESPONSE
2702,NO RESPONSE
2703,NO RESPONSE
2705,NO RESPONSE
2706,RESPONSE
2707,RESPONSE
2708,RESPONSE
2709,RESPONSE
2712,RESPONSE
2713,RESPONSE
2714,RESPONSE
2715,RESPONSE
2716,NO RESPONSE
2718,RESPONSE
2719,RESPONSE
2720,RESPONSE
2721,NO RESPONSE
2725,RESPONSE
2727,NO RESPONSE
2728,NO RESPONSE
2729,RESPONSE
2730,RESPONSE
2731,RESPONSE
2734,RESPONSE
2735,RESPONSE
2737,NO RESPONSE
2738,NO RESPONSE
2740,RESPONSE
2741,RESPONSE
2743,NO RESPONSE
2744,RESPONSE
2746,NO RESPONSE
2748,NO RESPONSE
2749,RESPONSE
2750,NO RESPONSE
2751,RESPONSE
2752,NO RESPONSE
2753,NO RESPONSE
2754,RESPONSE
2755,NO RESPONSE
2757,RESPONSE
2758,NO RESPONSE
2761,RESPONSE
2762,RESPONSE
2764,RESPONSE
2765,RESPONSE
2766,RESPONSE
2767,NO RESPONSE
2768,NO RESPONSE
2769,RESPONSE
2771,NO RESPONSE
2772,NO RESPONSE
2775,RESPONSE
2776,RESPONSE
2778,NO RESPONSE
2779,RESPONSE
2781,RESPONSE
2782,RESPONSE
2783,RESPONSE
2784,RESPONSE
2785,RESPONSE
2787,RESPONSE
2788,RESPONSE
2792,RESPONSE
2794,RESPONSE
2796,RESPONSE
2797,RESPONSE
2799,RESPONSE
2801,RESPONSE
2802,RESPONSE
2804,NO RESPONSE
2805,RESPONSE
2806,RESPONSE
2807,RESPONSE
2808,NO RESPONSE
2810,RESPONSE
2815,NO RESPONSE
2817,RESPONSE
2819,RESPONSE
2821,NO RESPONSE
2822,NO RESPONSE
2823,RESPONSE
2824,RESPONSE
2825,RESPONSE
2826,RESPONSE
2827,RESPONSE
2829,NO RESPONSE
2831,NO RESPONSE
2833,RESPONSE
2835,RESPONSE
2837,RESPONSE
2838,RESPONSE
2840,NO RESPONSE
2841,RESPONSE
2842,RESPONSE
2843,RESPONSE
2844,RESPONSE
2845,RESPONSE
2846,RESPONSE
2847,RESPONSE
2848,RESPONSE
2849,NO RESPONSE
2851,NO RESPONSE
2852,RESPONSE
2853,RESPONSE
2854,RESPONSE
2855,RESPONSE
2856,NO RESPONSE
2857,RESPONSE
2858,RESPONSE
2859,RESPONSE
2861,RESPONSE
2865,RESPONSE
2867,RESPONSE
2868,RESPONSE
2869,RESPONSE
2870,RESPONSE
2871,RESPONSE
2872,RESPONSE
2873,NO RESPONSE
2874,NO RESPONSE
2875,RESPONSE
2877,NO RESPONSE
2878,RESPONSE
2879,NO RESPONSE
2880,RESPONSE
2881,RESPONSE
2882,NO RESPONSE
2883,RESPONSE
2884,RESPONSE
2886,RESPONSE
2889,NO RESPONSE
2890,RESPONSE
2891,NO RESPONSE
2892,RESPONSE
2895,RESPONSE
2896,RESPONSE
2897,RESPONSE
2899,RESPONSE
2901,NO RESPONSE
2903,RESPONSE
2904,RESPONSE
2905,RESPONSE
2906,NO RESPONSE
2907,RESPONSE
2908,RESPONSE
2909,RESPONSE
2910,NO RESPONSE
2913,RESPONSE
2914,RESPONSE
2917,RESPONSE
2919,NO RESPONSE
2920,RESPONSE
2922,RESPONSE
2923,RESPONSE
2924,NO RESPONSE
2925,NO RESPONSE
2926,RESPONSE
2927,RESPONSE
2928,RESPONSE
2929,RESPONSE
2930,RESPONSE
2932,RESPONSE
2933,RESPONSE
2934,RESPONSE
2935,RESPONSE
2936,NO RESPONSE
2939,RESPONSE
2940,RESPONSE
2942,RESPONSE
2943,RESPONSE
2944,RESPONSE
2946,RESPONSE
2947,RESPONSE
2948,RESPONSE
2949,NO RESPONSE
2950,RESPONSE
2952,RESPONSE
2953,NO RESPONSE
2954,RESPONSE
2955,NO RESPONSE
2956,RESPONSE
2957,NO RESPONSE
2958,NO RESPONSE
2959,NO RESPONSE
2960,NO RESPONSE
2961,RESPONSE
2962,RESPONSE
2965,NO RESPONSE
2966,RESPONSE
2967,RESPONSE
2968,RESPONSE
2969,RESPONSE
2971,RESPONSE
2972,RESPONSE
2973,RESPONSE
2974,NO RESPONSE
2975,RESPONSE
2978,RESPONSE
2980,RESPONSE
2982,NO RESPONSE
2983,RESPONSE
2984,RESPONSE
2985,RESPONSE
2986,RESPONSE
2987,RESPONSE
2990,NO RESPONSE
2992,NO RESPONSE
2994,RESPONSE
2996,RESPONSE
2997,RESPONSE
2999,RESPONSE
3000,RESPONSE
3004,NO RESPONSE
3005,RESPONSE
3006,RESPONSE
3007,RESPONSE
3008,NO RESPONSE
3009,NO RESPONSE
3011,RESPONSE
3012,RESPONSE
3013,RESPONSE
3017,RESPONSE
3018,RESPONSE
3019,RESPONSE
3020,RESPONSE
3021,NO RESPONSE
3025,RESPONSE
3026,RESPONSE
3027,RESPONSE
3028,RESPONSE
3032,RESPONSE
3034,RESPONSE
3036,NO RESPONSE
3037,RESPONSE
3038,RESPONSE
3040,NO RESPONSE
3041,NO RESPONSE
3042,RESPONSE
3044,RESPONSE
3045,RESPONSE
3048,RESPONSE
3049,NO RESPONSE
3050,NO RESPONSE
3052,RESPONSE
3053,RESPONSE
3054,NO RESPONSE
3055,NO RESPONSE
3056,NO RESPONSE
3061,NO RESPONSE
3063,RESPONSE
3064,NO RESPONSE
3065,RESPONSE
3066,RESPONSE
3067,RESPONSE
3069,RESPONSE
3070,NO RESPONSE
3071,RESPONSE
3072,RESPONSE
3073,RESPONSE
3075,NO RESPONSE
3077,NO RESPONSE
3078,RESPONSE
3081,RESPONSE
3082,RESPONSE
3083,RESPONSE
3084,RESPONSE
3085,RESPONSE
3087,RESPONSE
3089,NO RESPONSE
3090,RESPONSE
3091,NO RESPONSE
3092,RESPONSE
3093,RESPONSE
3095,NO RESPONSE
3099,RESPONSE
3100,RESPONSE
3101,RESPONSE
3102,NO RESPONSE
3103,NO RESPONSE
3104,RESPONSE
3105,RESPONSE
3106,RESPONSE
3107,RESPONSE
3114,RESPONSE
3115,NO RESPONSE
3117,RESPONSE
3118,NO RESPONSE
3119,RESPONSE
3120,NO RESPONSE
3121,NO RESPONSE
3122,RESPONSE
3126,RESPONSE
3127,RESPONSE
3128,NO RESPONSE
3129,NO RESPONSE
3130,RESPONSE
3131,NO RESPONSE
3132,RESPONSE
3133,NO RESPONSE
3134,RESPONSE
3135,RESPONSE
3138,RESPONSE
3139,RESPONSE
3140,RESPONSE
3143,RESPONSE
3145,NO RESPONSE
3146,NO RESPONSE
3148,NO RESPONSE
3149,NO RESPONSE
3150,RESPONSE
3151,NO RESPONSE
3156,RESPONSE
3159,RESPONSE
3160,RESPONSE
3162,NO RESPONSE
3164,RESPONSE
3165,RESPONSE
3166,RESPONSE
3170,RESPONSE
3171,NO RESPONSE
3174,RESPONSE
3175,RESPONSE
3176,NO RESPONSE
3177,NO RESPONSE
3178,RESPONSE
3179,RESPONSE
3181,RESPONSE
3183,RESPONSE
3184,RESPONSE
3185,RESPONSE
3186,NO RESPONSE
3187,RESPONSE
3188,RESPONSE
3189,RESPONSE
3190,RESPONSE
3191,RESPONSE
3193,RESPONSE
3194,RESPONSE
3195,RESPONSE
3198,RESPONSE
3199,NO RESPONSE
3200,RESPONSE
3202,NO RESPONSE
3204,NO RESPONSE
3205,RESPONSE
3207,RESPONSE
3208,RESPONSE
3210,NO RESPONSE
3213,NO RESPONSE
3214,NO RESPONSE
3215,NO RESPONSE
3217,RESPONSE
3218,RESPONSE
3219,RESPONSE
3220,NO RESPONSE
3222,NO RESPONSE
3223,RESPONSE
3226,RESPONSE
3227,NO RESPONSE
3228,NO RESPONSE
3229,RESPONSE
3230,RESPONSE
3231,NO RESPONSE
3233,NO RESPONSE
3234,NO RESPONSE
3237,RESPONSE
3238,RESPONSE
3239,RESPONSE
3241,RESPONSE
3243,RESPONSE
3244,RESPONSE
3245,NO RESPONSE
3246,NO RESPONSE
3247,RESPONSE
3248,RESPONSE
3249,RESPONSE
3250,NO RESPONSE
3251,NO RESPONSE
3254,RESPONSE
3255,NO RESPONSE
3256,NO RESPONSE
3257,NO RESPONSE
3258,NO RESPONSE
3260,RESPONSE
3262,NO RESPONSE
3264,RESPONSE
3268,NO RESPONSE
3270,NO RESPONSE
3271,RESPONSE
3273,RESPONSE
3274,RESPONSE
3275,RESPONSE
3276,RESPONSE
3277,RESPONSE
3279,RESPONSE
3280,RESPONSE
3281,RESPONSE
3282,RESPONSE
3283,RESPONSE
3286,NO RESPONSE
3287,RESPONSE
3289,NO RESPONSE
3290,RESPONSE
3292,RESPONSE
3293,RESPONSE
3294,RESPONSE
3295,RESPONSE
3297,RESPONSE
3298,RESPONSE
3300,NO RESPONSE
3301,RESPONSE
3302,RESPONSE
3303,RESPONSE
3304,RESPONSE
3305,RESPONSE
3309,RESPONSE
3312,RESPONSE
3314,NO RESPONSE
3315,NO RESPONSE
3316,RESPONSE
3319,NO RESPONSE
3320,RESPONSE
3321,NO RESPONSE
3322,RESPONSE
3323,RESPONSE
3324,RESPONSE
3325,NO RESPONSE
3326,RESPONSE
3327,RESPONSE
3329,RESPONSE
3331,RESPONSE
3332,NO RESPONSE
3333,NO RESPONSE
3335,RESPONSE
3336,RESPONSE
3337,RESPONSE
3338,RESPONSE
3339,RESPONSE
3341,NO RESPONSE
3342,RESPONSE
3343,RESPONSE
3344,RESPONSE
3345,RESPONSE
3347,NO RESPONSE
3348,NO RESPONSE
3349,NO RESPONSE
3351,RESPONSE
3352,RESPONSE
3353,RESPONSE
3354,NO RESPONSE
3355,NO RESPONSE
3357,NO RESPONSE
3358,RESPONSE
3360,RESPONSE
3361,NO RESPONSE
3363,NO RESPONSE
3364,RESPONSE
3366,RESPONSE
3367,RESPONSE
3368,RESPONSE
3370,NO RESPONSE
3373,RESPONSE
3374,RESPONSE
3375,NO RESPONSE
3378,RESPONSE
3380,NO RESPONSE
3381,RESPONSE
3382,RESPONSE
3383,RESPONSE
3384,NO RESPONSE
3385,RESPONSE
3386,RESPONSE
3387,RESPONSE
3388,NO RESPONSE
3390,RESPONSE
3391,RESPONSE
3394,NO RESPONSE
3395,NO RESPONSE
3396,RESPONSE
3397,RESPONSE
3398,RESPONSE
3399,NO RESPONSE
3400,RESPONSE
3401,NO RESPONSE
3402,RESPONSE
3403,RESPONSE
3404,NO RESPONSE
3405,RESPONSE
3407,RESPONSE
3409,RESPONSE
3410,NO RESPONSE
3411,RESPONSE
3412,RESPONSE
3413,RESPONSE
3416,NO RESPONSE
3417,NO RESPONSE
3419,RESPONSE
3420,RESPONSE
3422,NO RESPONSE
3425,NO RESPONSE
3427,RESPONSE
3431,RESPONSE
3432,NO RESPONSE
3433,NO RESPONSE
3436,RESPONSE
3439,RESPONSE
3442,NO RESPONSE
3444,NO RESPONSE
3445,NO RESPONSE
3446,RESPONSE
3447,RESPONSE
3448,RESPONSE
3450,RESPONSE
3451,NO RESPONSE
3452,NO RESPONSE
3455,NO RESPONSE
3456,RESPONSE
3457,NO RESPONSE
3460,RESPONSE
3461,RESPONSE
3462,NO RESPONSE
3463,NO RESPONSE
3464,NO RESPONSE
3465,RESPONSE
3466,NO RESPONSE
3468,RESPONSE
3469,RESPONSE
3470,NO RESPONSE
3471,NO RESPONSE
3472,RESPONSE
3473,NO RESPONSE
3474,RESPONSE
3475,RESPONSE
3477,RESPONSE
3478,NO RESPONSE
3479,NO RESPONSE
3481,NO RESPONSE
3482,NO RESPONSE
3483,RESPONSE
3485,NO RESPONSE
3486,NO RESPONSE
3490,NO RESPONSE
3491,RESPONSE
3493,NO RESPONSE
3494,RESPONSE
3496,NO RESPONSE
3500,RESPONSE
3502,RESPONSE
3504,RESPONSE
3505,RESPONSE
3506,RESPONSE
3507,NO RESPONSE
3508,NO RESPONSE
3509,RESPONSE
3510,RESPONSE
3511,RESPONSE
3512,RESPONSE
3513,RESPONSE
3515,RESPONSE
3517,NO RESPONSE
3519,NO RESPONSE
3520,RESPONSE
3521,NO RESPONSE
3522,NO RESPONSE
3523,NO RESPONSE
3524,RESPONSE
3525,RESPONSE
3526,RESPONSE
3528,RESPONSE
3529,RESPONSE
3530,RESPONSE
3532,RESPONSE
3533,RESPONSE
3535,RESPONSE
3536,NO RESPONSE
3537,RESPONSE
3538,NO RESPONSE
3539,NO RESPONSE
3540,RESPONSE
3541,RESPONSE
3545,NO RESPONSE
3546,RESPONSE
3547,RESPONSE
3548,RESPONSE
3549,RESPONSE
3550,RESPONSE
3551,RESPONSE
3553,RESPONSE
3557,RESPONSE
3558,NO RESPONSE
3559,NO RESPONSE
3560,NO RESPONSE
3561,NO RESPONSE
3562,RESPONSE
3563,NO RESPONSE
3565,NO RESPONSE
3566,RESPONSE
3567,RESPONSE
3572,RESPONSE
3573,RESPONSE
3575,RESPONSE
3576,RESPONSE
3577,RESPONSE
3578,RESPONSE
3579,RESPONSE
3581,RESPONSE
3585,RESPONSE
3588,NO RESPONSE
3590,RESPONSE
3594,RESPONSE
3595,NO RESPONSE
3597,RESPONSE
3598,RESPONSE
3599,RESPONSE
3600,RESPONSE
3602,RESPONSE
3605,RESPONSE
3609,RESPONSE
3610,RESPONSE
3611,RESPONSE
3612,RESPONSE
3613,NO RESPONSE
3614,RESPONSE
3615,RESPONSE
3616,RESPONSE
3617,NO RESPONSE
3618,RESPONSE
3619,RESPONSE
3621,RESPONSE
3622,RESPONSE
3623,RESPONSE
3624,RESPONSE
3628,RESPONSE
3629,RESPONSE
3630,RESPONSE
3631,RESPONSE
3632,NO RESPONSE
3633,RESPONSE
3634,NO RESPONSE
3635,RESPONSE
3636,RESPONSE
3638,RESPONSE
3640,NO RESPONSE
3643,RESPONSE
3644,RESPONSE
3645,RESPONSE
3646,RESPONSE
3647,RESPONSE
3651,NO RESPONSE
3652,RESPONSE
3654,RESPONSE
3655,RESPONSE
3656,NO RESPONSE
3657,RESPONSE
3659,RESPONSE
3662,RESPONSE
3664,RESPONSE
3665,RESPONSE
3666,RESPONSE
3667,RESPONSE
3668,RESPONSE
3669,RESPONSE
3670,NO RESPONSE
3671,RESPONSE
3673,RESPONSE
3675,NO RESPONSE
3677,NO RESPONSE
3680,RESPONSE
3681,NO RESPONSE
3683,RESPONSE
3685,NO RESPONSE
3686,NO RESPONSE
3687,RESPONSE
3688,NO RESPONSE
3689,RESPONSE
3690,NO RESPONSE
3691,RESPONSE
3695,NO RESPONSE
3696,NO RESPONSE
3697,NO RESPONSE
3698,NO RESPONSE
3699,NO RESPONSE
3700,RESPONSE
3701,RESPONSE
3702,RESPONSE
3703,NO RESPONSE
3704,RESPONSE
3705,RESPONSE
3706,RESPONSE
3707,RESPONSE
3708,RESPONSE
3709,NO RESPONSE
3710,RESPONSE
3711,NO RESPONSE
3712,NO RESPONSE
3713,RESPONSE
3714,RESPONSE
3716,NO RESPONSE
3717,RESPONSE
3718,RESPONSE
3719,NO RESPONSE
3720,RESPONSE
3722,RESPONSE
3723,RESPONSE
3725,RESPONSE
3726,RESPONSE
3727,RESPONSE
3728,RESPONSE
3731,RESPONSE
3732,RESPONSE
3733,RESPONSE
3735,RESPONSE
3736,RESPONSE
3739,RESPONSE
3740,NO RESPONSE
3741,NO RESPONSE
3742,RESPONSE
3743,RESPONSE
3746,RESPONSE
3747,NO RESPONSE
3749,NO RESPONSE
3755,RESPONSE
3756,RESPONSE
3759,RESPONSE
3763,NO RESPONSE
3764,RESPONSE
3765,NO RESPONSE
3768,RESPONSE
3769,RESPONSE
3770,RESPONSE
3773,RESPONSE
3774,NO RESPONSE
3775,RESPONSE
3776,RESPONSE
3777,RESPONSE
3778,RESPONSE
3779,NO RESPONSE
3782,NO RESPONSE
3783,RESPONSE
3785,RESPONSE
3786,RESPONSE
3787,NO RESPONSE
3790,RESPONSE
3791,RESPONSE
3792,NO RESPONSE
3794,RESPONSE
3795,NO RESPONSE
3797,NO RESPONSE
3798,RESPONSE
3800,NO RESPONSE
3801,RESPONSE
3804,NO RESPONSE
3805,RESPONSE
3809,RESPONSE
3810,NO RESPONSE
3812,NO RESPONSE
3814,RESPONSE
3816,RESPONSE
3817,NO RESPONSE
3818,RESPONSE
3819,RESPONSE
3820,RESPONSE
3822,RESPONSE
3823,RESPONSE
3824,RESPONSE
3825,RESPONSE
3826,RESPONSE
3827,NO RESPONSE
3828,RESPONSE
3829,RESPONSE
3830,NO RESPONSE
3831,NO RESPONSE
3832,NO RESPONSE
3834,RESPONSE
3835,RESPONSE
3839,NO RESPONSE
3841,RESPONSE
3844,RESPONSE
3845,RESPONSE
3846,NO RESPONSE
3847,RESPONSE
3848,NO RESPONSE
3850,RESPONSE
3851,RESPONSE
3853,RESPONSE
3854,RESPONSE
3856,RESPONSE
3857,NO RESPONSE
3858,RESPONSE
3859,RESPONSE
3860,RESPONSE
3861,RESPONSE
3862,RESPONSE
3863,NO RESPONSE
3866,NO RESPONSE
3868,NO RESPONSE
3869,RESPONSE
3870,NO RESPONSE
3871,RESPONSE
3872,NO RESPONSE
3874,NO RESPONSE
3875,NO RESPONSE
3876,RESPONSE
3877,NO RESPONSE
3880,RESPONSE
3881,RESPONSE
3882,RESPONSE
3884,RESPONSE
3885,RESPONSE
3886,RESPONSE
3887,RESPONSE
3889,NO RESPONSE
3890,NO RESPONSE
3891,RESPONSE
3894,RESPONSE
3895,RESPONSE
3896,NO RESPONSE
3897,NO RESPONSE
3898,RESPONSE
3899,NO RESPONSE
3900,NO RESPONSE
3902,RESPONSE
3903,NO RESPONSE
3904,RESPONSE
3905,RESPONSE
3907,RESPONSE
3911,NO RESPONSE
3912,RESPONSE
3914,RESPONSE
3915,RESPONSE
3919,RESPONSE
3921,RESPONSE
3922,NO RESPONSE
3923,RESPONSE
3924,RESPONSE
3926,RESPONSE
3927,RESPONSE
3928,NO RESPONSE
3930,RESPONSE
3931,RESPONSE
3932,RESPONSE
3933,RESPONSE
3934,RESPONSE
3935,RESPONSE
3936,RESPONSE
3937,RESPONSE
3938,RESPONSE
3939,RESPONSE
3940,RESPONSE
3942,RESPONSE
3945,RESPONSE
3946,NO RESPONSE
3947,RESPONSE
3949,RESPONSE
3951,NO RESPONSE
3952,RESPONSE
3954,RESPONSE
3956,RESPONSE
3957,NO RESPONSE
3958,RESPONSE
3959,RESPONSE
3960,RESPONSE
3961,NO RESPONSE
3962,RESPONSE
3963,RESPONSE
3964,NO RESPONSE
3965,RESPONSE
3967,RESPONSE
3968,RESPONSE
3969,RESPONSE
3970,RESPONSE
3971,RESPONSE
3973,NO RESPONSE
3975,NO RESPONSE
3976,RESPONSE
3977,NO RESPONSE
3978,NO RESPONSE
3980,RESPONSE
3981,NO RESPONSE
3982,RESPONSE
3983,RESPONSE
3984,RESPONSE
3986,RESPONSE
3987,RESPONSE
3988,RESPONSE
3989,RESPONSE
3990,NO RESPONSE
3992,RESPONSE
3993,RESPONSE
3994,RESPONSE
3996,RESPONSE
3998,RESPONSE
4000,RESPONSE
4002,RESPONSE
4003,RESPONSE
4005,RESPONSE
4006,RESPONSE
4007,NO RESPONSE
4008,RESPONSE
4009,NO RESPONSE
4010,RESPONSE
4011,RESPONSE
4012,NO RESPONSE
4015,NO RESPONSE
4017,RESPONSE
4018,RESPONSE
4021,RESPONSE
4022,NO RESPONSE
4023,RESPONSE
4025,RESPONSE
4027,RESPONSE
4028,RESPONSE
4029,RESPONSE
4031,RESPONSE
4032,RESPONSE
4034,RESPONSE
4036,NO RESPONSE
4037,RESPONSE
4038,RESPONSE
4039,RESPONSE
4040,RESPONSE
4041,RESPONSE
4044,RESPONSE
4045,RESPONSE
4046,RESPONSE
4047,RESPONSE
4049,RESPONSE
4050,RESPONSE
4051,RESPONSE
4052,RESPONSE
4053,NO RESPONSE
4055,RESPONSE
4057,RESPONSE
4058,NO RESPONSE
4059,NO RESPONSE
4060,RESPONSE
4061,NO RESPONSE
4062,RESPONSE
4064,RESPONSE
4065,RESPONSE
4068,RESPONSE
4069,RESPONSE
4071,NO RESPONSE
4072,RESPONSE
4073,RESPONSE
4075,NO RESPONSE
4079,NO RESPONSE
4082,RESPONSE
4083,RESPONSE
4084,RESPONSE
4085,RESPONSE
4087,RESPONSE
4088,RESPONSE
4089,NO RESPONSE
4091,NO RESPONSE
4092,NO RESPONSE
4093,RESPONSE
4094,NO RESPONSE
4096,RESPONSE
4098,RESPONSE
4101,NO RESPONSE
4102,RESPONSE
4103,RESPONSE
4104,RESPONSE
4105,NO RESPONSE
4107,RESPONSE
4108,RESPONSE
4110,RESPONSE
4111,RESPONSE
4112,RESPONSE
4113,RESPONSE
4114,RESPONSE
4115,RESPONSE
4116,RESPONSE
4117,RESPONSE
4118,RESPONSE
4119,RESPONSE
4120,RESPONSE
4121,RESPONSE
4122,RESPONSE
4123,RESPONSE
4124,NO RESPONSE
4127,NO RESPONSE
4128,RESPONSE
4129,NO RESPONSE
4130,RESPONSE
4131,NO RESPONSE
4132,NO RESPONSE
4133,NO RESPONSE
4134,RESPONSE
4135,NO RESPONSE
4136,RESPONSE
4137,NO RESPONSE
4138,RESPONSE
4139,RESPONSE
4140,RESPONSE
4141,RESPONSE
4143,RESPONSE
4144,RESPONSE
4145,RESPONSE
4146,NO RESPONSE
4147,RESPONSE
4148,NO RESPONSE
4152,NO RESPONSE
4153,NO RESPONSE
4158,NO RESPONSE
4160,NO RESPONSE
4161,RESPONSE
4163,RESPONSE
4164,RESPONSE
4165,NO RESPONSE
4166,RESPONSE
4167,NO RESPONSE
4170,RESPONSE
4172,RESPONSE
4174,RESPONSE
4175,NO RESPONSE
4177,RESPONSE
4179,NO RESPONSE
4180,RESPONSE
4184,RESPONSE
4185,NO RESPONSE
4186,NO RESPONSE
4188,RESPONSE
4189,RESPONSE
4190,RESPONSE
4193,RESPONSE
4195,RESPONSE
4197,RESPONSE
4198,RESPONSE
4199,NO RESPONSE
4200,RESPONSE
4202,RESPONSE
4203,RESPONSE
4204,RESPONSE
4207,RESPONSE
4209,RESPONSE
4210,RESPONSE
4212,RESPONSE
4215,NO RESPONSE
4216,NO RESPONSE
4218,RESPONSE
4219,NO RESPONSE
4220,RESPONSE
4221,NO RESPONSE
4223,RESPONSE
4225,RESPONSE
4226,NO RESPONSE
4228,RESPONSE
4230,NO RESPONSE
4233,RESPONSE
4234,RESPONSE
4235,NO RESPONSE
4236,RESPONSE
4237,NO RESPONSE
4238,NO RESPONSE
4239,RESPONSE
4240,RESPONSE
4244,RESPONSE
4246,RESPONSE
4247,RESPONSE
4248,RESPONSE
4249,RESPONSE
4250,RESPONSE
4253,RESPONSE
4254,RESPONSE
4256,RESPONSE
4257,RESPONSE
4258,NO RESPONSE
4259,RESPONSE
4261,RESPONSE
4263,RESPONSE
4264,NO RESPONSE
4265,RESPONSE
4266,NO RESPONSE
4267,RESPONSE
4268,NO RESPONSE
4269,RESPONSE
4270,RESPONSE
4271,NO RESPONSE
4273,RESPONSE
4275,RESPONSE
4276,RESPONSE
4277,RESPONSE
4278,RESPONSE
4279,RESPONSE
4280,NO RESPONSE
4281,RESPONSE
4282,RESPONSE
4283,RESPONSE
4284,NO RESPONSE
4286,NO RESPONSE
4288,RESPONSE
4289,RESPONSE
4290,RESPONSE
4291,NO RESPONSE
4292,RESPONSE
4293,RESPONSE
4294,NO RESPONSE
4296,RESPONSE
4297,RESPONSE
4298,RESPONSE
4299,RESPONSE
4300,RESPONSE
4301,NO RESPONSE
4302,RESPONSE
4303,NO RESPONSE
4305,NO RESPONSE
4306,RESPONSE
4307,RESPONSE
4308,RESPONSE
4310,RESPONSE
4311,NO RESPONSE
4312,RESPONSE
4313,RESPONSE
4314,RESPONSE
4318,RESPONSE
4319,RESPONSE
4322,RESPONSE
4323,RESPONSE
4324,RESPONSE
4325,NO RESPONSE
4326,NO RESPONSE
4327,RESPONSE
4328,NO RESPONSE
4329,RESPONSE
4331,NO RESPONSE
4334,RESPONSE
4335,RESPONSE
4336,NO RESPONSE
4337,NO RESPONSE
4338,RESPONSE
4340,RESPONSE
4341,NO RESPONSE
4342,RESPONSE
4343,NO RESPONSE
4344,RESPONSE
4345,RESPONSE
4350,NO RESPONSE
4351,RESPONSE
4352,RESPONSE
4353,NO RESPONSE
4355,RESPONSE
4356,NO RESPONSE
4357,NO RESPONSE
4359,RESPONSE
4360,RESPONSE
4362,RESPONSE
4363,RESPONSE
4368,RESPONSE
4369,RESPONSE
4373,RESPONSE
4374,RESPONSE
4375,RESPONSE
4376,NO RESPONSE
4377,RESPONSE
4378,RESPONSE
4379,NO RESPONSE
4380,NO RESPONSE
4382,NO RESPONSE
4383,RESPONSE
4385,NO RESPONSE
4387,RESPONSE
4388,RESPONSE
4389,RESPONSE
4392,RESPONSE
4394,NO RESPONSE
4396,RESPONSE
4397,RESPONSE
4398,RESPONSE
4399,RESPONSE
4401,NO RESPONSE
4402,RESPONSE
4406,NO RESPONSE
4407,RESPONSE
4408,NO RESPONSE
4410,RESPONSE
4411,RESPONSE
4413,RESPONSE
4415,RESPONSE
4418,RESPONSE
4420,RESPONSE
4424,NO RESPONSE
4425,RESPONSE
4426,NO RESPONSE
4428,RESPONSE
4429,RESPONSE
4430,RESPONSE
4431,NO RESPONSE
4432,RESPONSE
4434,NO RESPONSE
4436,NO RESPONSE
4437,RESPONSE
4438,NO RESPONSE
4439,RESPONSE
4440,RESPONSE
4441,NO RESPONSE
4442,RESPONSE
4444,RESPONSE
4445,RESPONSE
4446,RESPONSE
4449,RESPONSE
4450,RESPONSE
4451,NO RESPONSE
4452,NO RESPONSE
4454,NO RESPONSE
4455,NO RESPONSE
4458,RESPONSE
4460,RESPONSE
4461,RESPONSE
4462,RESPONSE
4463,NO RESPONSE
4464,NO RESPONSE
4467,RESPONSE
4471,RESPONSE
4472,RESPONSE
4473,RESPONSE
4474,RESPONSE
4475,NO RESPONSE
4476,RESPONSE
4477,RESPONSE
4479,NO RESPONSE
4480,RESPONSE
4481,RESPONSE
4483,RESPONSE
4484,NO RESPONSE
4485,RESPONSE
4486,RESPONSE
4487,RESPONSE
4488,NO RESPONSE
4489,RESPONSE
4490,RESPONSE
4491,RESPONSE
4492,RESPONSE
4493,RESPONSE
4494,NO RESPONSE
4496,RESPONSE
4498,RESPONSE
4500,NO RESPONSE
4502,NO RESPONSE
4503,NO RESPONSE
4504,NO RESPONSE
4505,NO RESPONSE
4508,RESPONSE
4509,RESPONSE
4510,RESPONSE
4511,NO RESPONSE
4512,RESPONSE
4513,RESPONSE
4516,RESPONSE
4519,RESPONSE
4522,RESPONSE
4523,RESPONSE
4524,NO RESPONSE
4525,RESPONSE
4526,RESPONSE
4527,NO RESPONSE
4528,RESPONSE
4529,RESPONSE
4530,RESPONSE
4536,RESPONSE
4537,RESPONSE
4539,RESPONSE
4541,RESPONSE
4544,RESPONSE
4547,NO RESPONSE
4548,NO RESPONSE
4550,NO RESPONSE
4551,RESPONSE
4552,RESPONSE
4553,NO RESPONSE
4554,RESPONSE
4555,RESPONSE
4556,RESPONSE
4557,RESPONSE
4558,NO RESPONSE
4560,RESPONSE
4561,RESPONSE
4562,RESPONSE
4563,RESPONSE
4564,NO RESPONSE
4566,NO RESPONSE
4569,RESPONSE
4571,RESPONSE
4573,NO RESPONSE
4574,RESPONSE
4575,RESPONSE
4576,RESPONSE
4577,RESPONSE
4578,RESPONSE
4579,RESPONSE
4582,NO RESPONSE
4584,RESPONSE
4588,NO RESPONSE
4589,RESPONSE
4591,RESPONSE
4592,NO RESPONSE
4593,RESPONSE
4594,RESPONSE
4595,RESPONSE
4596,RESPONSE
4597,NO RESPONSE
4598,RESPONSE
4599,NO RESPONSE
4600,RESPONSE
4601,NO RESPONSE
4602,RESPONSE
4603,RESPONSE
4605,RESPONSE
4606,NO RESPONSE
4607,RESPONSE
4609,RESPONSE
4610,RESPONSE
4612,RESPONSE
4614,RESPONSE
4615,NO RESPONSE
4616,RESPONSE
4617,RESPONSE
4619,RESPONSE
4621,RESPONSE
4622,NO RESPONSE
4623,NO RESPONSE
4624,NO RESPONSE
4625,RESPONSE
4626,RESPONSE
4627,RESPONSE
4629,NO RESPONSE
4633,RESPONSE
4634,RESPONSE
4636,RESPONSE
4638,RESPONSE
4641,NO RESPONSE
4642,NO RESPONSE
4643,RESPONSE
4646,NO RESPONSE
4648,NO RESPONSE
4649,RESPONSE
4650,NO RESPONSE
4651,NO RESPONSE
4652,RESPONSE
4653,RESPONSE
4654,NO RESPONSE
4655,RESPONSE
4656,RESPONSE
4657,RESPONSE
4658,NO RESPONSE
4661,NO RESPONSE
4662,RESPONSE
4663,RESPONSE
4664,RESPONSE
4665,RESPONSE
4667,RESPONSE
4668,NO RESPONSE
4671,RESPONSE
4672,NO RESPONSE
4673,NO RESPONSE
4674,RESPONSE
4676,NO RESPONSE
4677,RESPONSE
4679,RESPONSE
4680,RESPONSE
4682,RESPONSE
4683,RESPONSE
4687,RESPONSE
4688,RESPONSE
4689,RESPONSE
4691,NO RESPONSE
4693,RESPONSE
4694,RESPONSE
4695,NO RESPONSE
4696,NO RESPONSE
4700,RESPONSE
4702,RESPONSE
4703,RESPONSE
4704,RESPONSE
4705,NO RESPONSE
4706,RESPONSE
4707,NO RESPONSE
4708,RESPONSE
4709,RESPONSE
4712,RESPONSE
4713,RESPONSE
4715,RESPONSE
4716,RESPONSE
4717,RESPONSE
4718,NO RESPONSE
4719,RESPONSE
4720,RESPONSE
4722,RESPONSE
4725,RESPONSE
4726,RESPONSE
4727,RESPONSE
4729,RESPONSE
4731,RESPONSE
4732,RESPONSE
4733,RESPONSE
4734,NO RESPONSE
4736,RESPONSE
4737,RESPONSE
4738,RESPONSE
4740,NO RESPONSE
4741,NO RESPONSE
4744,RESPONSE
4745,RESPONSE
4746,RESPONSE
4747,RESPONSE
4748,RESPONSE
4749,NO RESPONSE
4750,NO RESPONSE
4751,RESPONSE
4752,RESPONSE
4753,RESPONSE
4755,NO RESPONSE
4756,NO RESPONSE
4757,NO RESPONSE
4758,RESPONSE
4760,RESPONSE
4761,RESPONSE
4763,RESPONSE
4764,NO RESPONSE
4766,RESPONSE
4767,RESPONSE
4769,RESPONSE
4770,RESPONSE
4772,RESPONSE
4773,NO RESPONSE
4774,RESPONSE
4775,RESPONSE
4778,RESPONSE
4779,RESPONSE
4780,NO RESPONSE
4781,RESPONSE
4783,NO RESPONSE
4785,RESPONSE
4786,RESPONSE
4787,RESPONSE
4788,RESPONSE
4789,NO RESPONSE
4790,RESPONSE
4792,RESPONSE
4793,RESPONSE
4795,RESPONSE
4796,RESPONSE
4797,NO RESPONSE
4798,NO RESPONSE
4799,RESPONSE
4801,RESPONSE
4802,RESPONSE
4804,RESPONSE
4806,RESPONSE
4808,RESPONSE
4809,RESPONSE
4810,RESPONSE
4811,RESPONSE
4812,RESPONSE
4813,RESPONSE
4814,RESPONSE
4815,NO RESPONSE
4817,NO RESPONSE
4819,RESPONSE
4820,NO RESPONSE
4821,RESPONSE
4823,NO RESPONSE
4824,RESPONSE
4827,NO RESPONSE
4828,RESPONSE
4830,RESPONSE
4831,RESPONSE
4832,RESPONSE
4834,RESPONSE
4835,NO RESPONSE
4836,RESPONSE
4837,RESPONSE
4839,NO RESPONSE
4840,NO RESPONSE
4841,NO RESPONSE
4842,RESPONSE
4843,NO RESPONSE
4845,RESPONSE
4846,NO RESPONSE
4848,RESPONSE
4850,RESPONSE
4851,RESPONSE
4852,NO RESPONSE
4854,RESPONSE
4856,RESPONSE
4857,NO RESPONSE
4859,NO RESPONSE
4860,NO RESPONSE
4861,NO RESPONSE
4862,RESPONSE
4863,NO RESPONSE
4864,RESPONSE
4866,RESPONSE
4868,NO RESPONSE
4870,NO RESPONSE
4871,RESPONSE
4874,RESPONSE
4875,RESPONSE
4876,RESPONSE
4878,NO RESPONSE
4879,NO RESPONSE
4881,RESPONSE
4883,RESPONSE
4884,RESPONSE
4885,RESPONSE
4886,RESPONSE
4887,RESPONSE
4888,RESPONSE
4889,RESPONSE
4890,RESPONSE
4892,RESPONSE
4895,RESPONSE
4896,NO RESPONSE
4897,RESPONSE
4898,RESPONSE
4899,RESPONSE
4900,RESPONSE
4901,NO RESPONSE
4902,RESPONSE
4903,NO RESPONSE
4904,RESPONSE
4905,RESPONSE
4906,NO RESPONSE
4907,RESPONSE
4908,RESPONSE
4909,NO RESPONSE
4910,RESPONSE
4911,RESPONSE
4912,RESPONSE
4914,RESPONSE
4915,NO RESPONSE
4916,NO RESPONSE
4918,RESPONSE
4921,RESPONSE
4922,RESPONSE
4923,RESPONSE
4924,RESPONSE
4925,RESPONSE
4927,NO RESPONSE
4928,NO RESPONSE
4929,RESPONSE
4932,RESPONSE
4933,RESPONSE
4934,RESPONSE
4938,RESPONSE
4939,RESPONSE
4940,RESPONSE
4941,RESPONSE
4945,NO RESPONSE
4949,NO RESPONSE
4950,RESPONSE
4951,RESPONSE
4952,RESPONSE
4953,NO RESPONSE
4954,NO RESPONSE
4957,RESPONSE
4958,NO RESPONSE
4962,RESPONSE
4964,RESPONSE
4965,NO RESPONSE
4966,RESPONSE
4968,NO RESPONSE
4969,NO RESPONSE
4970,RESPONSE
4972,NO RESPONSE
4973,RESPONSE
4977,NO RESPONSE
4978,NO RESPONSE
4981,RESPONSE
4982,NO RESPONSE
4983,RESPONSE
4984,RESPONSE
4985,NO RESPONSE
4986,RESPONSE
4988,RESPONSE
4989,RESPONSE
4991,RESPONSE
4992,NO RESPONSE
4993,NO RESPONSE
4996,NO RESPONSE
4997,NO RESPONSE
4998,RESPONSE
4999,RESPONSE
